순번,질권자,채권최고액(원),채권최고액(백만원),순위,출처
1,롯데캐피탈 주식회사,36000000000,36000,공동1순위,패키지보험 배서증권(질권변경) 확정일자본 PDF p.10(영문 9/11)·p.21(국문 8/10)
2,주식회사 우리은행,24000000000,24000,공동1순위,동상
3,주식회사 우리카드,24000000000,24000,공동1순위,동상
4,신용협동조합 중앙회,120000000,120,공동1순위,동상
5,수지신용협동조합,3240000000,3240,공동1순위,동상
6,정선신용협동조합,2880000000,2880,공동1순위,동상
7,서울남부신용협동조합,2520000000,2520,공동1순위,동상
8,광주어룡신용협동조합,3240000000,3240,공동1순위,동상
9,비씨카드 주식회사,36000000000,36000,공동1순위,동상
10,서로신용협동조합,4800000000,4800,공동1순위,동상
11,녹동신용협동조합,1560000000,1560,공동1순위,동상
12,연희신용협동조합,1560000000,1560,공동1순위,동상
13,금모래신용협동조합,2160000000,2160,공동1순위,동상
14,남인천신용협동조합,1560000000,1560,공동1순위,동상
15,미호신용협동조합,1560000000,1560,공동1순위,동상
16,대구대서신용협동조합,1560000000,1560,공동1순위,동상
17,한빛신용협동조합,2040000000,2040,공동1순위,PDF p.11(영문 10/11)·p.22(국문 9/10)
18,해남우리신용협동조합,1920000000,1920,공동1순위,동상
19,양동행복신용협동조합,2160000000,2160,공동1순위,동상
20,서귀포동부신용협동조합,1440000000,1440,공동1순위,동상
21,광주미래신용협동조합,1680000000,1680,공동1순위,동상
22,수협은행,12000000000,12000,공동1순위,동상
23,(주)신한은행,24000000000,24000,공동1순위,동상
합계,23개 기관,192000000000,192000,,증권 기재 "총 질권 금액 192,000,000,000원"과 일치(합산 검증)
